Date, Time, Application,Environment,Release,Publish Type,App Job Name, App Job Build Number,Spinner Job Name, Spinner Job Build Number,App Job Duration,Spinner Job Duration,Total Execution
5/12/2016,3:18:04,ENERGYPLM,QA2,,db,PLM-ENERGYPLM-APP,58,PLM-ENERGYPLM-DB,38,,,
5/12/2016,5:08:02,AEROPLM,DEV,,app,PLM-AEROPLM-APP,150,PLM-AEROPLM-DB,167,,,
5/12/2016,5:39:30,ENERGYPLM,DEV2,,db,PLM-ENERGYPLM-APP,59,PLM-ENERGYPLM-DB,39,,,
5/12/2016,7:44:03,ENERGYPLM,QA2,,app,PLM-ENERGYPLM-APP,60,PLM-ENERGYPLM-DB,39,,,
5/13/2016,2:45:31,WINDPLM,QA,,db,PLM-WINDPLM-APP,177,PLM-WINDPLM-DB,159,,,
5/13/2016,4:44:41,WINDPLM,DEV,,db,PLM-WINDPLM-APP,178,PLM-WINDPLM-DB,160,,,
5/13/2016,6:54:26,AEROPLM,DEV,,app,PLM-AEROPLM-APP,151,PLM-AEROPLM-DB,167,,,
5/13/2016,8:51:16,ENERGYPLM,QA2,,all,PLM-ENERGYPLM-APP,61,PLM-ENERGYPLM-DB,40,,,
5/13/2016,12:00:35,ENERGYPLM,QA2,,db,PLM-ENERGYPLM-APP,62,PLM-ENERGYPLM-DB,41,,,
5/13/2016,12:19:48,ENERGYPLM,DEV2,,db,PLM-ENERGYPLM-APP,63,PLM-ENERGYPLM-DB,42,,,
5/15/2016,8:47:57,ENERGYPLM,DEV1,,db,PLM-ENERGYPLM-APP,64,PLM-ENERGYPLM-DB,43,,,
5/15/2016,13:32:39,ENERGYPLM,DEV1,,db,PLM-ENERGYPLM-APP,65,PLM-ENERGYPLM-DB,44,,,
5/15/2016,14:07:33,ENERGYPLM,DEV1,,db,PLM-ENERGYPLM-APP,66,PLM-ENERGYPLM-DB,45,,,
5/15/2016,14:26:53,ENERGYPLM,DEV1,,db,PLM-ENERGYPLM-APP,67,PLM-ENERGYPLM-DB,46,,,
5/15/2016,16:38:09,ENERGYPLM,QA1,,db,PLM-ENERGYPLM-APP,68,PLM-ENERGYPLM-DB,47,,,
5/16/2016,1:47:07,ENERGYPLM,QA2,,db,PLM-ENERGYPLM-APP,70,PLM-ENERGYPLM-DB,48,,,
5/16/2016,2:29:51,AEROPLM,DEV,,all,PLM-AEROPLM-APP,152,PLM-AEROPLM-DB,168,,,
5/16/2016,3:49:54,ENERGYPLM,QA2,,db,PLM-ENERGYPLM-APP,71,PLM-ENERGYPLM-DB,49,,,
5/16/2016,3:56:44,AEROPLM,DEV,,db,PLM-AEROPLM-APP,153,PLM-AEROPLM-DB,169,,,
5/16/2016,4:25:51,AEROPLM,DEV,,db,PLM-AEROPLM-APP,154,PLM-AEROPLM-DB,170,,,
5/16/2016,5:37:05,ENERGYPLM,QA1,,app,PLM-ENERGYPLM-APP,72,PLM-ENERGYPLM-DB,49,,,
5/16/2016,7:44:41,AEROPLM,QA,,all,PLM-AEROPLM-APP,155,PLM-AEROPLM-DB,171,,,
5/16/2016,9:00:36,ENERGYPLM,QA1,,app,PLM-ENERGYPLM-APP,73,PLM-ENERGYPLM-DB,49,,,
5/16/2016,9:50:00,ENERGYPLM,QA1,,db,PLM-ENERGYPLM-APP,74,PLM-ENERGYPLM-DB,50,,,
5/16/2016,10:02:25,ENERGYPLM,QA2,,db,PLM-ENERGYPLM-APP,75,PLM-ENERGYPLM-DB,51,,,
5/16/2016,10:49:09,WINDPLM,QA,,all,PLM-WINDPLM-APP,179,PLM-WINDPLM-DB,161,,,
5/16/2016,10:52:22,WINDPLM,QA,,db,PLM-WINDPLM-APP,180,PLM-WINDPLM-DB,162,,,
5/16/2016,11:44:19,WINDPLM,DEV,,all,PLM-WINDPLM-APP,181,PLM-WINDPLM-DB,163,,,
5/16/2016,12:53:53,ENERGYPLM,QA2,,app,PLM-ENERGYPLM-APP,76,PLM-ENERGYPLM-DB,51,,,
5/17/2016,3:24:21,ENERGYPLM,QA2,,db,PLM-ENERGYPLM-APP,77,PLM-ENERGYPLM-DB,52,,,
5/17/2016,3:34:26,ENERGYPLM,DEV2,,all,PLM-ENERGYPLM-APP,78,PLM-ENERGYPLM-DB,53,,,
5/17/2016,6:06:49,WINDPLM,QA,,all,PLM-WINDPLM-APP,182,PLM-WINDPLM-DB,164,,,
5/17/2016,9:03:08,WINDPLM,DEV,,all,PLM-WINDPLM-APP,183,PLM-WINDPLM-DB,165,,,
5/17/2016,14:44:17,ENERGYPLM,QA2,,app,PLM-ENERGYPLM-APP,79,PLM-ENERGYPLM-DB,53,,,
5/18/2016,5:45:05,ENERGYPLM,DEV2,,app,PLM-ENERGYPLM-APP,80,PLM-ENERGYPLM-DB,53,,,
5/18/2016,9:24:11,ENERGYPLM,QA1,,db,PLM-ENERGYPLM-APP,81,PLM-ENERGYPLM-DB,54,,,
5/18/2016,11:19:19,ENERGYPLM,QA2,,db,PLM-ENERGYPLM-APP,82,PLM-ENERGYPLM-DB,55,,,
5/18/2016,12:12:04,ENERGYPLM,QA2,,db,PLM-ENERGYPLM-APP,83,PLM-ENERGYPLM-DB,56,,,
5/19/2016,3:44:56,AEROPLM,DEV,,all,PLM-AEROPLM-APP,156,PLM-AEROPLM-DB,172,,,
5/19/2016,3:51:24,AEROPLM,QA,,all,PLM-AEROPLM-APP,157,PLM-AEROPLM-DB,173,,,
5/19/2016,8:06:20,ENERGYPLM,QA2,,db,PLM-ENERGYPLM-APP,84,PLM-ENERGYPLM-DB,57,,,
5/19/2016,9:58:29,AEROPLM,DEV,,all,PLM-AEROPLM-APP,158,PLM-AEROPLM-DB,174,,,
5/19/2016,22:25:48,ENERGYPLM,QA1,,db,PLM-ENERGYPLM-APP,85,PLM-ENERGYPLM-DB,58,,,
5/20/2016,2:05:24,AEROPLM,QA,,all,PLM-AEROPLM-APP,159,PLM-AEROPLM-DB,175,,,
5/20/2016,5:43:28,ENERGYPLM,QA2,,db,PLM-ENERGYPLM-APP,86,PLM-ENERGYPLM-DB,59,,,
5/20/2016,6:03:09,WINDPLM,QA,,all,PLM-WINDPLM-APP,187,PLM-WINDPLM-DB,166,,,
5/20/2016,6:54:29,AEROPLM,QA,,app,PLM-AEROPLM-APP,160,PLM-AEROPLM-DB,175,,,
5/20/2016,6:59:53,AEROPLM,DEV,,app,PLM-AEROPLM-APP,161,PLM-AEROPLM-DB,175,,,
5/20/2016,7:12:08,ENERGYPLM,DEV2,,app,PLM-ENERGYPLM-APP,88,PLM-ENERGYPLM-DB,59,,,
5/20/2016,7:46:58,ENERGYPLM,DEV2,,db,PLM-ENERGYPLM-APP,89,PLM-ENERGYPLM-DB,60,,,
5/20/2016,12:37:50,ENERGYPLM,QA2,,all,PLM-ENERGYPLM-APP,90,PLM-ENERGYPLM-DB,61,,,
5/20/2016,15:55:06,ENERGYPLM,QA1,,app,PLM-ENERGYPLM-APP,91,PLM-ENERGYPLM-DB,61,,,
5/20/2016,16:06:05,ENERGYPLM,QA1,,db,PLM-ENERGYPLM-APP,92,PLM-ENERGYPLM-DB,62,,,
5/21/2016,1:59:44,ENERGYPLM,QA1,,db,PLM-ENERGYPLM-APP,93,PLM-ENERGYPLM-DB,63,,,
5/22/2016,15:17:45,ENERGYPLM,QA1,,app,PLM-ENERGYPLM-APP,94,PLM-ENERGYPLM-DB,63,,,
5/22/2016,15:35:29,ENERGYPLM,QA1,,db,PLM-ENERGYPLM-APP,95,PLM-ENERGYPLM-DB,64,,,
5/23/2016,7:14:54,ENERGYPLM,DEV2,,db,PLM-ENERGYPLM-APP,96,PLM-ENERGYPLM-DB,65,,,
5/23/2016,9:55:10,ENERGYPLM,QA2,,all,PLM-ENERGYPLM-APP,97,PLM-ENERGYPLM-DB,66,,,
5/23/2016,10:55:43,ENERGYPLM,QA2,,db,PLM-ENERGYPLM-APP,98,PLM-ENERGYPLM-DB,67,,,
5/23/2016,11:29:04,ENERGYPLM,QA1,,db,PLM-ENERGYPLM-APP,99,PLM-ENERGYPLM-DB,68,,,
5/23/2016,13:26:49,ENERGYPLM,QA1,,app,PLM-ENERGYPLM-APP,100,PLM-ENERGYPLM-DB,68,,,
5/23/2016,13:42:12,ENERGYPLM,QA1,,db,PLM-ENERGYPLM-APP,101,PLM-ENERGYPLM-DB,69,,,
5/24/2016,1:47:49,WINDPLM,QA,,all,PLM-WINDPLM-APP,188,PLM-WINDPLM-DB,167,,,
5/24/2016,2:25:27,ENERGYPLM,DEV2,,app,PLM-ENERGYPLM-APP,102,PLM-ENERGYPLM-DB,69,,,
5/24/2016,5:11:14,WINDPLM,DEV4,,all,PLM-WINDPLM-APP,189,PLM-WINDPLM-DB,168,,,
5/24/2016,5:39:56,ENERGYPLM,QA1,,app,PLM-ENERGYPLM-APP,104,PLM-ENERGYPLM-DB,69,,,
5/24/2016,5:45:10,ENERGYPLM,QA1,,db,PLM-ENERGYPLM-APP,105,PLM-ENERGYPLM-DB,70,,,
5/24/2016,6:47:52,ENERGYPLM,DEV2,,all,PLM-ENERGYPLM-APP,106,PLM-ENERGYPLM-DB,71,,,
5/24/2016,7:33:38,ENERGYPLM,QA2,,db,PLM-ENERGYPLM-APP,107,PLM-ENERGYPLM-DB,72,,,
5/24/2016,8:08:38,ENERGYPLM,QA2,,db,PLM-ENERGYPLM-APP,108,PLM-ENERGYPLM-DB,73,,,
5/25/2016,0:58:35,ENERGYPLM,QA1,,app,PLM-ENERGYPLM-APP,109,PLM-ENERGYPLM-DB,73,,,
5/25/2016,1:14:19,ENERGYPLM,QA1,,all,PLM-ENERGYPLM-APP,110,PLM-ENERGYPLM-DB,74,,,
5/25/2016,1:58:15,AEROPLM,DEV,,all,PLM-AEROPLM-APP,162,PLM-AEROPLM-DB,176,,,
5/25/2016,2:04:09,AEROPLM,QA,,all,PLM-AEROPLM-APP,163,PLM-AEROPLM-DB,177,,,
5/25/2016,2:12:29,ENERGYPLM,QA2,,db,PLM-ENERGYPLM-APP,111,PLM-ENERGYPLM-DB,75,,,
5/25/2016,2:18:24,ENERGYPLM,QA2,,app,PLM-ENERGYPLM-APP,112,PLM-ENERGYPLM-DB,75,,,
5/25/2016,3:36:56,ENERGYPLM,DEV2,,db,PLM-ENERGYPLM-APP,113,PLM-ENERGYPLM-DB,76,,,
5/25/2016,6:15:58,AEROPLM,QA,,app,PLM-AEROPLM-APP,164,PLM-AEROPLM-DB,177,,,
5/25/2016,6:21:03,AEROPLM,DEV,,app,PLM-AEROPLM-APP,165,PLM-AEROPLM-DB,177,,,
5/25/2016,8:56:40,WINDPLM,QA,,all,PLM-WINDPLM-APP,190,PLM-WINDPLM-DB,169,,,
5/26/2016,15:37:21,ENERGYPLM,QA2,,all,PLM-ENERGYPLM-APP,115,PLM-ENERGYPLM-DB,78,,,
5/27/2016,3:48:38,ENERGYPLM,QA1,,app,PLM-ENERGYPLM-APP,119,PLM-ENERGYPLM-DB,79,,,
5/27/2016,6:01:49,ENERGYPLM,DEV2,,db,PLM-ENERGYPLM-APP,120,PLM-ENERGYPLM-DB,80,,,
5/27/2016,8:32:04,ENERGYPLM,QA2,,db,PLM-ENERGYPLM-APP,121,PLM-ENERGYPLM-DB,81,,,
5/27/2016,8:46:00,ENERGYPLM,QA1,,db,PLM-ENERGYPLM-APP,122,PLM-ENERGYPLM-DB,82,,,
5/27/2016,13:03:04,ENERGYPLM,QA2,,all,PLM-ENERGYPLM-APP,123,PLM-ENERGYPLM-DB,83,,,
5/30/2016,7:50:23,WINDPLM,QA,,db,PLM-WINDPLM-APP,192,PLM-WINDPLM-DB,171,,,
5/31/2016,2:27:18,ENERGYPLM,QA2,,db,PLM-ENERGYPLM-APP,124,PLM-ENERGYPLM-DB,84,,,
5/31/2016,6:00:57,ENERGYPLM,QA1,,app,PLM-ENERGYPLM-APP,125,PLM-ENERGYPLM-DB,84,,,
6/3/2016,15:29:33,ENERGYPLM,QA2,,db,PLM-ENERGYPLM-APP,135,PLM-ENERGYPLM-DB,93,,,
6/6/2016,5:12:50,WINDPLM,DEV4,,all,PLM-WINDPLM-APP,195,PLM-WINDPLM-DB,174,,,
6/6/2016,5:57:54,ENERGYPLM,QA1,,all,PLM-ENERGYPLM-APP,136,PLM-ENERGYPLM-DB,94,,,
6/6/2016,6:00:19,WINDPLM,QA,,all,PLM-WINDPLM-APP,196,PLM-WINDPLM-DB,175,,,
6/6/2016,8:58:45,WINDPLM,DEV,,all,PLM-WINDPLM-APP,198,PLM-WINDPLM-DB,176,,,
6/6/2016,9:20:43,WINDPLM,DEV3,,all,PLM-WINDPLM-APP,199,PLM-WINDPLM-DB,177,,,
6/6/2016,10:22:03,WINDPLM,QA,,all,PLM-WINDPLM-APP,200,PLM-WINDPLM-DB,178,,,
6/6/2016,12:11:01,WINDPLM,DEV,,db,PLM-WINDPLM-APP,201,PLM-WINDPLM-DB,179,,,
6/6/2016,17:26:07,ENERGYPLM,QA1,,db,PLM-ENERGYPLM-APP,137,PLM-ENERGYPLM-DB,95,,,
6/6/2016,23:55:26,WINDPLM,DEV3,,all,PLM-WINDPLM-APP,202,PLM-WINDPLM-DB,180,,,
6/7/2016,6:08:46,ENERGYPLM,QA1,,app,PLM-ENERGYPLM-APP,138,PLM-ENERGYPLM-DB,95,,,
6/7/2016,6:26:09,ENERGYPLM,QA1,,db,PLM-ENERGYPLM-APP,139,PLM-ENERGYPLM-DB,96,,,
6/7/2016,6:48:14,ENERGYPLM,DEV2,,db,PLM-ENERGYPLM-APP,140,PLM-ENERGYPLM-DB,97,,,
6/7/2016,7:10:29,ENERGYPLM,DEV2,,db,PLM-ENERGYPLM-APP,141,PLM-ENERGYPLM-DB,98,,,
6/7/2016,7:43:44,ENERGYPLM,DEV2,,db,PLM-ENERGYPLM-APP,142,PLM-ENERGYPLM-DB,99,,,
6/7/2016,8:09:56,WINDPLM,DEV,,db,PLM-WINDPLM-APP,203,PLM-WINDPLM-DB,181,,,
6/7/2016,8:36:26,ENERGYPLM,DEV2,,db,PLM-ENERGYPLM-APP,143,PLM-ENERGYPLM-DB,100,,,
6/7/2016,8:43:30,WINDPLM,DEV,,db,PLM-WINDPLM-APP,204,PLM-WINDPLM-DB,182,,,
6/7/2016,9:12:01,WINDPLM,DEV3,,all,PLM-WINDPLM-APP,205,PLM-WINDPLM-DB,183,,,
6/7/2016,9:28:32,ENERGYPLM,DEV1,,db,PLM-ENERGYPLM-APP,145,PLM-ENERGYPLM-DB,101,,,
6/7/2016,9:40:35,WINDPLM,QA,,db,PLM-WINDPLM-APP,206,PLM-WINDPLM-DB,184,,,
6/7/2016,10:00:31,ENERGYPLM,QA1,,db,PLM-ENERGYPLM-APP,146,PLM-ENERGYPLM-DB,102,,,
6/7/2016,10:15:46,ENERGYPLM,DEV1,,all,PLM-ENERGYPLM-APP,147,PLM-ENERGYPLM-DB,103,,,
6/7/2016,10:28:11,WINDPLM,DEV4,,db,PLM-WINDPLM-APP,207,PLM-WINDPLM-DB,185,,,
6/7/2016,22:23:42,ENERGYPLM,QA1,,db,PLM-ENERGYPLM-APP,148,PLM-ENERGYPLM-DB,104,,,
6/8/2016,3:27:47,WINDPLM,DEV4,,db,PLM-WINDPLM-APP,208,PLM-WINDPLM-DB,186,,,
6/8/2016,6:45:42,ENERGYPLM,QA1,,all,PLM-ENERGYPLM-APP,149,PLM-ENERGYPLM-DB,105,,,
6/8/2016,6:51:24,WINDPLM,DEV4,,all,PLM-WINDPLM-APP,209,PLM-WINDPLM-DB,187,,,
6/8/2016,6:51:56,ENERGYPLM,QA1,,db,PLM-ENERGYPLM-APP,150,PLM-ENERGYPLM-DB,106,,,
6/8/2016,7:08:30,WINDPLM,QA2,,all,PLM-WINDPLM-APP,210,PLM-WINDPLM-DB,188,,,
6/8/2016,8:06:03,WINDPLM,DEV,,db,PLM-WINDPLM-APP,211,PLM-WINDPLM-DB,189,,,
6/8/2016,8:16:02,WINDPLM,QA,,all,PLM-WINDPLM-APP,212,PLM-WINDPLM-DB,190,,,
6/8/2016,10:25:48,ENERGYPLM,QA2,,all,PLM-ENERGYPLM-APP,151,PLM-ENERGYPLM-DB,107,,,
6/8/2016,12:08:40,WINDPLM,DEV,,all,PLM-WINDPLM-APP,213,PLM-WINDPLM-DB,191,,,
6/9/2016,10:23:56,ENERGYPLM,QA2,,db,PLM-ENERGYPLM-APP,157,PLM-ENERGYPLM-DB,112,11 mins 29 secs,1 mins 0 secs,12 mins 30 secs
6/9/2016,11:06:36,ENERGYPLM,QA2,,db,PLM-ENERGYPLM-APP,158,PLM-ENERGYPLM-DB,113,4 mins 17 secs,0 mins 45 secs,5 mins 2 secs
6/9/2016,14:03:44,WINDPLM,DEV4,,app,PLM-WINDPLM-APP,221,PLM-WINDPLM-DB,198,11 mins 58 secs,,11 mins 58 secs
6/10/2016,3:26:51,AEROPLM,DEV2,,all,PLM-AEROPLM-APP,168,PLM-AEROPLM-DB,180,29 mins 54 secs,0 mins 57 secs,30 mins 51 secs
6/10/2016,4:48:26,WINDPLM,QA,,db,PLM-WINDPLM-APP,222,PLM-WINDPLM-DB,199,10 mins 1 secs,1 mins 6 secs,11 mins 8 secs
6/10/2016,4:56:44,WINDPLM,DEV,,db,PLM-WINDPLM-APP,223,PLM-WINDPLM-DB,200,8 mins 30 secs,0 mins 59 secs,9 mins 30 secs
6/10/2016,7:39:33,ENERGYPLM,QA1,,db,PLM-ENERGYPLM-APP,159,PLM-ENERGYPLM-DB,114,12 mins 15 secs,1 mins 5 secs,13 mins 21 secs
6/10/2016,8:55:20,AEROPLM,DEV2,,all,PLM-AEROPLM-APP,169,PLM-AEROPLM-DB,181,5 mins 25 secs,0 mins 51 secs,6 mins 17 secs
6/10/2016,9:30:34,ENERGYPLM,QA2,,db,PLM-ENERGYPLM-APP,160,PLM-ENERGYPLM-DB,115,12 mins 16 secs,1 mins 4 secs,13 mins 21 secs
6/10/2016,9:37:59,ENERGYPLM,QA2,,db,PLM-ENERGYPLM-APP,161,PLM-ENERGYPLM-DB,116,4 mins 16 secs,0 mins 55 secs,5 mins 12 secs
6/10/2016,11:49:35,AEROPLM,DEV2,,db,PLM-AEROPLM-APP,170,PLM-AEROPLM-DB,182,2 mins 50 secs,0 mins 48 secs,3 mins 38 secs
6/10/2016,14:05:49,WINDPLM,DEV4,,all,PLM-WINDPLM-APP,224,PLM-WINDPLM-DB,201,10 mins 58 secs,0 mins 32 secs,11 mins 30 secs
6/11/2016,6:48:08,WINDPLM,DEV4,,db,PLM-WINDPLM-APP,225,PLM-WINDPLM-DB,202,2 mins 58 secs,0 mins 31 secs,3 mins 29 secs
6/11/2016,13:59:55,WINDPLM,DEV4,,all,PLM-WINDPLM-APP,226,PLM-WINDPLM-DB,203,5 mins 26 secs,0 mins 31 secs,5 mins 58 secs
6/13/2016,2:27:43,ENERGYPLM,DEV2,,app,PLM-ENERGYPLM-APP,162,PLM-ENERGYPLM-DB,116,21 mins 23 secs,,21 mins 23 secs
6/13/2016,4:26:36,WINDPLM,DEV4,,db,PLM-WINDPLM-APP,227,PLM-WINDPLM-DB,204,6 mins 46 secs,0 mins 52 secs,7 mins 38 secs
6/13/2016,6:48:48,WINDPLM,DEV4,,db,PLM-WINDPLM-APP,228,PLM-WINDPLM-DB,205,3 mins 28 secs,0 mins 33 secs,4 mins 2 secs
6/13/2016,7:25:19,WINDPLM,DEV,,app,PLM-WINDPLM-APP,229,PLM-WINDPLM-DB,205,0 mins 0 secs,0 mins 33 secs,0 mins 33 secs
6/13/2016,9:12:57,WINDPLM,DEV4,,app,PLM-WINDPLM-APP,230,PLM-WINDPLM-DB,205,18 mins 27 secs,0 mins 33 secs,19 mins 1 secs
6/13/2016,9:35:02,WINDPLM,DEV3,,all,PLM-WINDPLM-APP,231,PLM-WINDPLM-DB,206,21 mins 20 secs,0 mins 36 secs,21 mins 57 secs
6/13/2016,9:37:31,ENERGYPLM,QA2,,all,PLM-ENERGYPLM-APP,163,PLM-ENERGYPLM-DB,117,28 mins 44 secs,0 mins 29 secs,29 mins 14 secs
6/13/2016,9:42:51,ENERGYPLM,QA2,,db,PLM-ENERGYPLM-APP,164,PLM-ENERGYPLM-DB,118,5 mins 1 secs,0 mins 36 secs,5 mins 37 secs
6/13/2016,10:10:28,WINDPLM,QA2,,all,PLM-WINDPLM-APP,232,PLM-WINDPLM-DB,207,13 mins 17 secs,0 mins 38 secs,13 mins 56 secs
6/13/2016,11:44:19,WINDPLM,QA2,,all,PLM-WINDPLM-APP,233,PLM-WINDPLM-DB,208,5 mins 49 secs,0 mins 33 secs,6 mins 23 secs
6/14/2016,3:25:51,WINDPLM,DEV4,,all,PLM-WINDPLM-APP,234,PLM-WINDPLM-DB,209,13 mins 6 secs,0 mins 38 secs,13 mins 45 secs
6/14/2016,4:12:27,ENERGYPLM,QA2,,all,PLM-ENERGYPLM-APP,165,PLM-ENERGYPLM-DB,119,8 mins 19 secs,0 mins 30 secs,8 mins 49 secs
6/14/2016,6:39:31,ENERGYPLM,DEV1,,db,PLM-ENERGYPLM-APP,166,PLM-ENERGYPLM-DB,120,12 mins 52 secs,0 mins 34 secs,13 mins 27 secs
6/14/2016,6:49:36,WINDPLM,DEV4,,all,PLM-WINDPLM-APP,235,PLM-WINDPLM-DB,210,5 mins 11 secs,0 mins 33 secs,5 mins 45 secs
6/14/2016,7:09:16,ENERGYPLM,DEV1,,db,PLM-ENERGYPLM-APP,167,PLM-ENERGYPLM-DB,121,12 mins 30 secs,0 mins 44 secs,13 mins 14 secs
6/14/2016,8:34:57,ENERGYPLM,QA2,,db,PLM-ENERGYPLM-APP,168,PLM-ENERGYPLM-DB,122,11 mins 27 secs,0 mins 33 secs,12 mins 0 secs
6/14/2016,8:59:37,WINDPLM,QA2,,db,PLM-WINDPLM-APP,236,PLM-WINDPLM-DB,211,11 mins 38 secs,0 mins 38 secs,12 mins 17 secs
6/14/2016,9:00:57,ENERGYPLM,DEV1,,all,PLM-ENERGYPLM-APP,169,PLM-ENERGYPLM-DB,123,18 mins 29 secs,0 mins 40 secs,19 mins 9 secs
6/14/2016,9:12:32,WINDPLM,DEV3,,all,PLM-WINDPLM-APP,237,PLM-WINDPLM-DB,212,11 mins 13 secs,0 mins 32 secs,11 mins 46 secs
6/14/2016,10:55:28,ENERGYPLM,QA2,,db,PLM-ENERGYPLM-APP,170,PLM-ENERGYPLM-DB,124,11 mins 58 secs,0 mins 32 secs,12 mins 31 secs
6/14/2016,11:32:04,ENERGYPLM,QA2,,db,PLM-ENERGYPLM-APP,171,PLM-ENERGYPLM-DB,125,4 mins 17 secs,0 mins 27 secs,4 mins 44 secs
6/14/2016,12:14:33,ENERGYPLM,QA2,,all,PLM-ENERGYPLM-APP,172,PLM-ENERGYPLM-DB,126,6 mins 39 secs,0 mins 28 secs,7 mins 7 secs
6/14/2016,15:43:44,ENERGYPLM,QA2,,db,PLM-ENERGYPLM-APP,173,PLM-ENERGYPLM-DB,127,5 mins 52 secs,0 mins 27 secs,6 mins 19 secs
6/14/2016,15:47:39,ENERGYPLM,QA2,,db,PLM-ENERGYPLM-APP,174,PLM-ENERGYPLM-DB,128,3 mins 53 secs,0 mins 26 secs,4 mins 20 secs
6/14/2016,18:47:14,ENERGYPLM,QA2,,db,PLM-ENERGYPLM-APP,175,PLM-ENERGYPLM-DB,129,4 mins 29 secs,0 mins 28 secs,4 mins 57 secs
6/14/2016,23:47:42,WINDPLM,DEV3,,all,PLM-WINDPLM-APP,238,PLM-WINDPLM-DB,213,5 mins 8 secs,0 mins 32 secs,5 mins 41 secs
6/15/2016,3:07:47,WINDPLM,DEV4,,all,PLM-WINDPLM-APP,239,PLM-WINDPLM-DB,214,12 mins 0 secs,0 mins 52 secs,12 mins 52 secs
6/15/2016,3:39:02,WINDPLM,QA,,db,PLM-WINDPLM-APP,240,PLM-WINDPLM-DB,215,16 mins 29 secs,0 mins 39 secs,17 mins 8 secs
6/15/2016,3:49:22,WINDPLM,DEV3,,all,PLM-WINDPLM-APP,241,PLM-WINDPLM-DB,216,9 mins 46 secs,0 mins 32 secs,10 mins 18 secs
6/15/2016,4:38:29,ENERGYPLM,QA2,,db,PLM-ENERGYPLM-APP,176,PLM-ENERGYPLM-DB,130,5 mins 2 secs,0 mins 45 secs,5 mins 48 secs
6/15/2016,6:06:57,WINDPLM,QA2,,all,PLM-WINDPLM-APP,242,PLM-WINDPLM-DB,217,10 mins 25 secs,0 mins 29 secs,10 mins 55 secs
6/15/2016,6:52:41,WINDPLM,DEV4,,db,PLM-WINDPLM-APP,243,PLM-WINDPLM-DB,218,8 mins 4 secs,0 mins 41 secs,8 mins 46 secs
6/15/2016,7:25:07,ENERGYPLM,QA2,,db,PLM-ENERGYPLM-APP,177,PLM-ENERGYPLM-DB,131,6 mins 28 secs,0 mins 31 secs,6 mins 59 secs
6/15/2016,8:31:52,ENERGYPLM,QA2,,db,PLM-ENERGYPLM-APP,178,PLM-ENERGYPLM-DB,132,5 mins 41 secs,0 mins 29 secs,6 mins 11 secs
6/15/2016,8:32:53,POWERPLM,DEV1,,app,PLM-POWERPLM-APP,8,,,0 mins 0 secs,,0 mins 0 secs
6/15/2016,9:08:52,WINDPLM,DEV3,,db,PLM-WINDPLM-APP,244,PLM-WINDPLM-DB,219,8 mins 43 secs,0 mins 36 secs,9 mins 20 secs
6/15/2016,10:22:47,ENERGYPLM,QA2,,db,PLM-ENERGYPLM-APP,179,PLM-ENERGYPLM-DB,133,4 mins 24 secs,0 mins 29 secs,4 mins 54 secs
6/15/2016,10:58:53,ENERGYPLM,QA2,,app,PLM-ENERGYPLM-APP,180,,,6 mins 55 secs,,6 mins 55 secs
6/15/2016,13:51:33,ENERGYPLM,QA2,,db,PLM-ENERGYPLM-APP,181,PLM-ENERGYPLM-DB,134,3 mins 56 secs,0 mins 27 secs,4 mins 24 secs
6/15/2016,14:05:04,WINDPLM,DEV4,,all,PLM-WINDPLM-APP,245,PLM-WINDPLM-DB,220,10 mins 36 secs,0 mins 37 secs,11 mins 13 secs
6/15/2016,19:16:45,ENERGYPLM,QA2,,db,PLM-ENERGYPLM-APP,182,PLM-ENERGYPLM-DB,135,4 mins 7 secs,0 mins 26 secs,4 mins 33 secs
6/15/2016,23:53:31,WINDPLM,DEV3,,all,PLM-WINDPLM-APP,246,PLM-WINDPLM-DB,221,10 mins 38 secs,0 mins 29 secs,11 mins 7 secs
6/16/2016,0:41:40,ENERGYPLM,QA2,,db,PLM-ENERGYPLM-APP,183,PLM-ENERGYPLM-DB,136,3 mins 56 secs,0 mins 27 secs,4 mins 24 secs
6/16/2016,3:41:06,WINDPLM,DEV3,,all,PLM-WINDPLM-APP,247,PLM-WINDPLM-DB,222,5 mins 28 secs,0 mins 35 secs,6 mins 3 secs
6/16/2016,3:58:46,WINDPLM,QA2,Release_4_4,all,PLM-WINDPLM-APP,248,PLM-WINDPLM-DB,223,11 mins 21 secs,0 mins 31 secs,11 mins 52 secs
6/16/2016,4:02:14,WINDPLM,QA2,Release_4_4,db,PLM-WINDPLM-APP,249,PLM-WINDPLM-DB,224,3 mins 9 secs,0 mins 32 secs,3 mins 42 secs
6/16/2016,4:44:41,ENERGYPLM,QA2,Release_6_0_75,db,PLM-ENERGYPLM-APP,184,PLM-ENERGYPLM-DB,137,5 mins 50 secs,0 mins 28 secs,6 mins 19 secs
6/16/2016,4:45:46,WINDPLM,QA2,Release_4_4,db,PLM-WINDPLM-APP,250,PLM-WINDPLM-DB,225,3 mins 54 secs,0 mins 32 secs,4 mins 26 secs
6/16/2016,5:21:57,WINDPLM,DEV3,wind_dev_4_3_IB,all,PLM-WINDPLM-APP,251,PLM-WINDPLM-DB,226,10 mins 31 secs,0 mins 32 secs,11 mins 3 secs
6/16/2016,6:55:47,WINDPLM,DEV4,wind_dev_4_4,all,PLM-WINDPLM-APP,252,PLM-WINDPLM-DB,227,11 mins 14 secs,0 mins 41 secs,11 mins 56 secs
6/16/2016,13:59:43,WINDPLM,DEV4,wind_dev_4_4,all,PLM-WINDPLM-APP,253,PLM-WINDPLM-DB,228,5 mins 13 secs,0 mins 42 secs,5 mins 55 secs
6/17/2016,3:35:39,WINDPLM,QA2,Release_4_4,all,PLM-WINDPLM-APP,254,PLM-WINDPLM-DB,229,11 mins 57 secs,0 mins 34 secs,12 mins 32 secs
6/17/2016,3:47:24,WINDPLM,DEV3,wind_dev_4_3_IB,all,PLM-WINDPLM-APP,255,PLM-WINDPLM-DB,230,10 mins 59 secs,0 mins 32 secs,11 mins 31 secs
6/17/2016,4:51:22,WINDPLM,DEV,wind_dev_4_2_30,db,PLM-WINDPLM-APP,256,PLM-WINDPLM-DB,231,9 mins 24 secs,0 mins 34 secs,9 mins 58 secs
6/17/2016,6:56:36,WINDPLM,DEV4,wind_dev_4_4,all,PLM-WINDPLM-APP,257,PLM-WINDPLM-DB,232,11 mins 38 secs,0 mins 43 secs,12 mins 21 secs
6/17/2016,9:37:42,ENERGYPLM,QA2,Release_6_0_80,all,PLM-ENERGYPLM-APP,186,PLM-ENERGYPLM-DB,138,16 mins 32 secs,0 mins 39 secs,17 mins 11 secs
6/17/2016,10:11:08,ENERGYPLM,QA1,Release_6_0_75,all,PLM-ENERGYPLM-APP,187,PLM-ENERGYPLM-DB,139,16 mins 50 secs,0 mins 39 secs,17 mins 30 secs
6/17/2016,11:47:48,ENERGYPLM,QA1,Release_6_0_80,app,PLM-ENERGYPLM-APP,188,,,18 mins 7 secs,,18 mins 7 secs
6/17/2016,11:54:52,ENERGYPLM,QA2,Release_6_0_80,app,PLM-ENERGYPLM-APP,189,,,7 mins 1 secs,,7 mins 1 secs
6/17/2016,12:08:18,WINDPLM,DEV,wind_dev_4_2_30,db,PLM-WINDPLM-APP,258,PLM-WINDPLM-DB,233,10 mins 5 secs,0 mins 36 secs,10 mins 41 secs
6/17/2016,15:47:24,ENERGYPLM,QA2,Release_6_0_80,all,PLM-ENERGYPLM-APP,190,PLM-ENERGYPLM-DB,140,7 mins 10 secs,0 mins 34 secs,7 mins 44 secs
6/19/2016,20:09:04,ENERGYPLM,QA2,Release_6_0_80,db,PLM-ENERGYPLM-APP,191,PLM-ENERGYPLM-DB,141,17 mins 13 secs,0 mins 57 secs,18 mins 10 secs
6/20/2016,4:01:07,ENERGYPLM,QA2,Release_6_0_80,db,PLM-ENERGYPLM-APP,192,PLM-ENERGYPLM-DB,142,16 mins 59 secs,2 mins 52 secs,19 mins 51 secs
6/20/2016,7:24:44,WINDPLM,QA2,Release_4_4,all,PLM-WINDPLM-APP,259,PLM-WINDPLM-DB,234,71 mins 47 secs,0 mins 41 secs,72 mins 29 secs
6/20/2016,8:47:02,ENERGYPLM,QA2,Release_6_0_80,db,PLM-ENERGYPLM-APP,193,PLM-ENERGYPLM-DB,143,37 mins 26 secs,1 mins 53 secs,39 mins 20 secs
6/20/2016,10:29:30,ENERGYPLM,QA2,Release_6_0_80,all,PLM-ENERGYPLM-APP,194,PLM-ENERGYPLM-DB,144,28 mins 39 secs,1 mins 51 secs,30 mins 31 secs
6/20/2016,14:57:13,WINDPLM,DEV4,wind_dev_4_4,all,PLM-WINDPLM-APP,262,PLM-WINDPLM-DB,235,45 mins 23 secs,0 mins 42 secs,46 mins 5 secs
6/20/2016,17:10:57,ENERGYPLM,QA2,Release_6_0_80,db,PLM-ENERGYPLM-APP,195,PLM-ENERGYPLM-DB,145,35 mins 46 secs,1 mins 52 secs,37 mins 38 secs
6/20/2016,17:37:19,ENERGYPLM,QA2,Release_6_0_80,db,PLM-ENERGYPLM-APP,196,PLM-ENERGYPLM-DB,146,5 mins 7 secs,1 mins 50 secs,6 mins 57 secs
6/21/2016,1:09:06,WINDPLM,DEV,wind_dev_4_2_30,all,PLM-WINDPLM-APP,263,PLM-WINDPLM-DB,236,15 mins 17 secs,0 mins 35 secs,15 mins 53 secs
6/21/2016,4:07:36,ENERGYPLM,QA2,Release_6_0_80,all,PLM-ENERGYPLM-APP,197,PLM-ENERGYPLM-DB,147,27 mins 43 secs,0 mins 39 secs,28 mins 22 secs
6/21/2016,4:13:31,ENERGYPLM,QA2,Release_6_0_80,db,PLM-ENERGYPLM-APP,198,PLM-ENERGYPLM-DB,148,5 mins 31 secs,0 mins 50 secs,6 mins 22 secs
6/21/2016,4:31:31,WINDPLM,DEV3,wind_dev_4_3_IB,all,PLM-WINDPLM-APP,264,PLM-WINDPLM-DB,237,11 mins 24 secs,0 mins 31 secs,11 mins 55 secs
6/21/2016,6:21:29,ENERGYPLM,QA2,Release_6_0_80,db,PLM-ENERGYPLM-APP,199,PLM-ENERGYPLM-DB,149,31 mins 28 secs,1 mins 48 secs,33 mins 17 secs
6/21/2016,9:30:01,WINDPLM,QA,Release_4_2_30,all,PLM-WINDPLM-APP,265,PLM-WINDPLM-DB,238,69 mins 39 secs,1 mins 46 secs,71 mins 25 secs
6/21/2016,10:01:39,WINDPLM,DEV3,wind_dev_4_3_IB,db,PLM-WINDPLM-APP,266,PLM-WINDPLM-DB,239,32 mins 29 secs,0 mins 40 secs,33 mins 9 secs
6/21/2016,12:27:09,ENERGYPLM,QA2,Release_6_0_80,all,PLM-ENERGYPLM-APP,200,PLM-ENERGYPLM-DB,150,55 mins 39 secs,1 mins 1 secs,56 mins 41 secs
6/21/2016,13:22:51,ENERGYPLM,QA2,Release_6_0_80,all,PLM-ENERGYPLM-APP,201,PLM-ENERGYPLM-DB,151,51 mins 21 secs,2 mins 13 secs,53 mins 35 secs
6/21/2016,13:24:57,WINDPLM,DEV,wind_dev_4_2_30,all,PLM-WINDPLM-APP,267,PLM-WINDPLM-DB,240,56 mins 17 secs,1 mins 51 secs,58 mins 9 secs
6/21/2016,23:56:05,WINDPLM,DEV3,wind_dev_4_3_IB,all,PLM-WINDPLM-APP,268,PLM-WINDPLM-DB,241,12 mins 39 secs,0 mins 32 secs,13 mins 11 secs
6/22/2016,3:58:18,WINDPLM,DEV3,wind_dev_4_3_IB,db,PLM-WINDPLM-APP,269,PLM-WINDPLM-DB,242,12 mins 12 secs,1 mins 5 secs,13 mins 18 secs
6/22/2016,6:10:19,WINDPLM,DEV,wind_dev_4_2_30,all,PLM-WINDPLM-APP,270,PLM-WINDPLM-DB,243,69 mins 51 secs,1 mins 40 secs,71 mins 31 secs
6/22/2016,7:03:42,WINDPLM,QA,Release_4_2_30,all,PLM-WINDPLM-APP,271,PLM-WINDPLM-DB,244,32 mins 13 secs,0 mins 29 secs,32 mins 42 secs
6/22/2016,7:18:17,WINDPLM,DEV,wind_dev_4_2_30,all,PLM-WINDPLM-APP,272,PLM-WINDPLM-DB,245,10 mins 41 secs,0 mins 28 secs,11 mins 10 secs
6/22/2016,10:01:11,WINDPLM,DEV,wind_dev_4_2_30,all,PLM-WINDPLM-APP,273,PLM-WINDPLM-DB,246,31 mins 55 secs,0 mins 33 secs,32 mins 28 secs
6/22/2016,10:01:17,ENERGYPLM,QA2,Release_6_0_80,db,PLM-ENERGYPLM-APP,204,PLM-ENERGYPLM-DB,152,47 mins 20 secs,0 mins 44 secs,48 mins 4 secs
6/22/2016,10:43:46,ENERGYPLM,QA2,Release_6_0_80,all,PLM-ENERGYPLM-APP,205,PLM-ENERGYPLM-DB,153,44 mins 59 secs,1 mins 44 secs,46 mins 43 secs
6/22/2016,10:46:40,WINDPLM,DEV3,wind_dev_4_3_IB,db,PLM-WINDPLM-APP,274,PLM-WINDPLM-DB,247,43 mins 31 secs,1 mins 51 secs,45 mins 23 secs
6/22/2016,12:05:27,WINDPLM,QA,Release_4_2_30,all,PLM-WINDPLM-APP,275,PLM-WINDPLM-DB,248,78 mins 59 secs,1 mins 48 secs,80 mins 48 secs
6/22/2016,13:09:11,WINDPLM,DEV,wind_dev_4_2_30,db,PLM-WINDPLM-APP,276,PLM-WINDPLM-DB,249,50 mins 56 secs,1 mins 59 secs,52 mins 55 secs
6/22/2016,14:24:13,WINDPLM,QA2,Release_4_4,all,PLM-WINDPLM-APP,277,PLM-WINDPLM-DB,250,75 mins 40 secs,1 mins 45 secs,77 mins 25 secs
6/22/2016,15:01:06,WINDPLM,DEV4,wind_dev_4_4,all,PLM-WINDPLM-APP,278,PLM-WINDPLM-DB,251,37 mins 57 secs,0 mins 43 secs,38 mins 40 secs
6/22/2016,18:38:09,ENERGYPLM,QA1,Release_6_0_80,all,PLM-ENERGYPLM-APP,207,PLM-ENERGYPLM-DB,154,9 mins 13 secs,0 mins 39 secs,9 mins 52 secs
6/22/2016,23:55:21,WINDPLM,DEV3,wind_dev_4_3_IB,all,PLM-WINDPLM-APP,279,PLM-WINDPLM-DB,252,12 mins 34 secs,0 mins 35 secs,13 mins 9 secs
6/23/2016,4:39:38,ENERGYPLM,QA2,Release_6_0_80,db,PLM-ENERGYPLM-APP,208,PLM-ENERGYPLM-DB,155,42 mins 54 secs,0 mins 44 secs,43 mins 38 secs
6/23/2016,4:49:08,ENERGYPLM,QA1,Release_6_0_80,db,PLM-ENERGYPLM-APP,209,PLM-ENERGYPLM-DB,156,7 mins 27 secs,0 mins 36 secs,8 mins 4 secs
6/23/2016,4:54:33,WINDPLM,DEV,wind_dev_4_2_30,all,PLM-WINDPLM-APP,280,PLM-WINDPLM-DB,253,12 mins 31 secs,0 mins 29 secs,13 mins 0 secs
6/23/2016,5:17:33,WINDPLM,QA2,Release_4_4,all,PLM-WINDPLM-APP,281,PLM-WINDPLM-DB,254,10 mins 15 secs,0 mins 29 secs,10 mins 45 secs
6/23/2016,5:42:19,ENERGYPLM,QA1,Release_6_0_80,db,PLM-ENERGYPLM-APP,210,PLM-ENERGYPLM-DB,157,4 mins 27 secs,0 mins 35 secs,5 mins 3 secs
6/23/2016,8:25:11,WINDPLM,DEV4,wind_dev_4_4,all,PLM-WINDPLM-APP,282,PLM-WINDPLM-DB,255,82 mins 13 secs,1 mins 12 secs,83 mins 26 secs
6/23/2016,8:31:40,ENERGYPLM,QA1,Release_6_0_80,db,PLM-ENERGYPLM-APP,212,PLM-ENERGYPLM-DB,159,20 mins 58 secs,0 mins 39 secs,21 mins 37 secs
6/23/2016,8:54:51,ENERGYPLM,QA2,Release_6_0_80,db,PLM-ENERGYPLM-APP,213,PLM-ENERGYPLM-DB,160,21 mins 47 secs,1 mins 47 secs,23 mins 34 secs
6/23/2016,10:35:26,ENERGYPLM,QA1,Release_6_0_80,app,PLM-ENERGYPLM-APP,214,,,77 mins 59 secs,,77 mins 59 secs
6/23/2016,11:10:30,WINDPLM,DEV3,wind_dev_4_3_IB,db,PLM-WINDPLM-APP,284,PLM-WINDPLM-DB,256,86 mins 47 secs,0 mins 45 secs,87 mins 33 secs
6/23/2016,11:10:40,ENERGYPLM,QA2,Release_6_0_80,app,PLM-ENERGYPLM-APP,215,,,44 mins 23 secs,,44 mins 23 secs
6/23/2016,11:18:38,WINDPLM,QA,Release_4_2_30,all,PLM-WINDPLM-APP,285,PLM-WINDPLM-DB,257,20 mins 38 secs,0 mins 32 secs,21 mins 10 secs
6/23/2016,11:19:28,ENERGYPLM,QA1,Release_6_0_80,db,PLM-ENERGYPLM-APP,216,PLM-ENERGYPLM-DB,161,7 mins 49 secs,0 mins 41 secs,8 mins 31 secs
6/23/2016,11:24:23,WINDPLM,QA,Release_4_2_30,app,PLM-WINDPLM-APP,286,,,6 mins 16 secs,,6 mins 16 secs
6/23/2016,11:25:28,ENERGYPLM,QA2,Release_6_0_80,db,PLM-ENERGYPLM-APP,217,PLM-ENERGYPLM-DB,162,6 mins 1 secs,0 mins 40 secs,6 mins 42 secs
6/23/2016,11:34:28,ENERGYPLM,QA1,Release_6_0_80,all,PLM-ENERGYPLM-APP,218,PLM-ENERGYPLM-DB,163,9 mins 12 secs,0 mins 37 secs,9 mins 50 secs
6/23/2016,11:52:40,WINDPLM,QA2,Release_4_4,all,PLM-WINDPLM-APP,287,PLM-WINDPLM-DB,258,26 mins 15 secs,1 mins 58 secs,28 mins 13 secs
6/23/2016,12:36:43,ENERGYPLM,QA2,Release_6_0_80,all,PLM-ENERGYPLM-APP,219,PLM-ENERGYPLM-DB,164,60 mins 58 secs,1 mins 44 secs,62 mins 43 secs
6/23/2016,16:36:21,ENERGYPLM,QA1,Release_6_0_80,db,PLM-ENERGYPLM-APP,220,PLM-ENERGYPLM-DB,165,4 mins 30 secs,0 mins 38 secs,5 mins 8 secs
6/23/2016,17:08:13,ENERGYPLM,QA2,Release_6_0_80,db,PLM-ENERGYPLM-APP,221,PLM-ENERGYPLM-DB,166,30 mins 26 secs,1 mins 46 secs,32 mins 12 secs
6/24/2016,0:02:24,WINDPLM,DEV3,wind_dev_4_3_IB,db,PLM-WINDPLM-APP,294,PLM-WINDPLM-DB,259,16 mins 49 secs,0 mins 48 secs,17 mins 37 secs
6/24/2016,4:00:42,WINDPLM,DEV4,wind_dev_4_4,all,PLM-WINDPLM-APP,295,PLM-WINDPLM-DB,260,41 mins 2 secs,0 mins 40 secs,41 mins 43 secs
6/24/2016,4:10:26,WINDPLM,DEV,wind_dev_4_2_30,db,PLM-WINDPLM-APP,296,PLM-WINDPLM-DB,261,9 mins 26 secs,0 mins 40 secs,10 mins 6 secs
6/24/2016,4:19:29,WINDPLM,DEV3,wind_dev_4_3_IB,db,PLM-WINDPLM-APP,297,PLM-WINDPLM-DB,262,8 mins 57 secs,0 mins 35 secs,9 mins 33 secs
6/24/2016,7:08:17,WINDPLM,DEV4,wind_dev_4_4,all,PLM-WINDPLM-APP,298,PLM-WINDPLM-DB,263,13 mins 0 secs,0 mins 38 secs,13 mins 39 secs
6/24/2016,9:35:44,ENERGYPLM,QA1,Release_6_0_80,all,PLM-ENERGYPLM-APP,222,PLM-ENERGYPLM-DB,167,56 mins 38 secs,0 mins 37 secs,57 mins 16 secs
6/24/2016,9:44:43,WINDPLM,DEV3,wind_dev_4_3_IB,all,PLM-WINDPLM-APP,299,PLM-WINDPLM-DB,264,15 mins 3 secs,0 mins 33 secs,15 mins 36 secs
6/24/2016,9:45:38,ENERGYPLM,QA2,Release_6_0_80,all,PLM-ENERGYPLM-APP,223,PLM-ENERGYPLM-DB,168,9 mins 54 secs,0 mins 36 secs,10 mins 31 secs
6/24/2016,9:53:08,ENERGYPLM,QA1,Release_6_0_80,all,PLM-ENERGYPLM-APP,224,PLM-ENERGYPLM-DB,169,7 mins 30 secs,0 mins 35 secs,8 mins 6 secs
6/24/2016,11:41:07,ENERGYPLM,QA2,Release_6_0_80,db,PLM-ENERGYPLM-APP,225,PLM-ENERGYPLM-DB,170,36 mins 3 secs,2 mins 39 secs,38 mins 43 secs
6/24/2016,12:36:55,ENERGYPLM,QA2,Release_6_0_80,app,PLM-ENERGYPLM-APP,226,,,35 mins 11 secs,,35 mins 11 secs
6/24/2016,12:42:52,WINDPLM,DEV3,wind_dev_4_3_IB,db,PLM-WINDPLM-APP,300,PLM-WINDPLM-DB,265,9 mins 44 secs,1 mins 58 secs,11 mins 42 secs
6/24/2016,15:04:06,WINDPLM,DEV4,wind_dev_4_4,all,PLM-WINDPLM-APP,301,PLM-WINDPLM-DB,266,39 mins 47 secs,0 mins 39 secs,40 mins 27 secs
6/24/2016,17:12:12,ENERGYPLM,QA1,Release_6_0_80,db,PLM-ENERGYPLM-APP,230,PLM-ENERGYPLM-DB,171,41 mins 46 secs,2 mins 12 secs,43 mins 59 secs
6/24/2016,17:40:29,ENERGYPLM,QA1,Release_6_0_80,db,PLM-ENERGYPLM-APP,231,PLM-ENERGYPLM-DB,172,28 mins 34 secs,1 mins 50 secs,30 mins 25 secs
6/24/2016,23:53:53,WINDPLM,DEV3,wind_dev_4_3_IB,db,PLM-WINDPLM-APP,302,PLM-WINDPLM-DB,267,10 mins 10 secs,0 mins 37 secs,10 mins 48 secs
6/27/2016,3:09:33,WINDPLM,QA,Release_4_2_30,db,PLM-WINDPLM-APP,303,PLM-WINDPLM-DB,268,11 mins 54 secs,0 mins 42 secs,12 mins 36 secs
6/27/2016,6:07:01,WINDPLM,QA2,Release_4_4,all,PLM-WINDPLM-APP,304,PLM-WINDPLM-DB,269,62 mins 49 secs,0 mins 42 secs,63 mins 32 secs
6/27/2016,6:10:41,ENERGYPLM,QA1,Release_6_0_80,db,PLM-ENERGYPLM-APP,232,PLM-ENERGYPLM-DB,173,10 mins 16 secs,0 mins 45 secs,11 mins 2 secs
6/27/2016,9:15:16,WINDPLM,DEV3,wind_dev_4_3_IB,db,PLM-WINDPLM-APP,305,PLM-WINDPLM-DB,270,11 mins 47 secs,0 mins 46 secs,12 mins 33 secs
6/27/2016,13:39:22,WINDPLM,DEV,wind_dev_4_2_30,all,PLM-WINDPLM-APP,306,PLM-WINDPLM-DB,271,79 mins 25 secs,2 mins 18 secs,81 mins 43 secs
6/27/2016,14:23:23,WINDPLM,DEV4,wind_dev_4_4,db,PLM-WINDPLM-APP,307,PLM-WINDPLM-DB,272,26 mins 0 secs,2 mins 8 secs,28 mins 9 secs
6/27/2016,16:39:51,ENERGYPLM,QA1,Release_6_0_80,all,PLM-ENERGYPLM-APP,233,PLM-ENERGYPLM-DB,174,9 mins 9 secs,0 mins 38 secs,9 mins 47 secs
6/27/2016,16:44:54,ENERGYPLM,QA1,Release_6_0_80,db,PLM-ENERGYPLM-APP,234,PLM-ENERGYPLM-DB,175,4 mins 51 secs,0 mins 41 secs,5 mins 33 secs
6/27/2016,17:27:41,ENERGYPLM,QA1,Release_6_0_80,db,PLM-ENERGYPLM-APP,235,PLM-ENERGYPLM-DB,176,23 mins 15 secs,2 mins 3 secs,25 mins 19 secs
6/27/2016,22:39:18,ENERGYPLM,QA1,Release_6_0_80,all,PLM-ENERGYPLM-APP,236,PLM-ENERGYPLM-DB,177,10 mins 20 secs,0 mins 47 secs,11 mins 8 secs
6/27/2016,22:49:56,ENERGYPLM,QA1,Release_6_0_80,db,PLM-ENERGYPLM-APP,237,PLM-ENERGYPLM-DB,178,5 mins 51 secs,0 mins 40 secs,6 mins 32 secs
6/27/2016,23:55:17,WINDPLM,DEV3,wind_dev_4_3_IB,db,PLM-WINDPLM-APP,308,PLM-WINDPLM-DB,273,11 mins 2 secs,0 mins 38 secs,11 mins 40 secs
6/28/2016,4:09:40,WINDPLM,DEV4,wind_dev_4_4,all,PLM-WINDPLM-APP,309,PLM-WINDPLM-DB,274,59 mins 4 secs,0 mins 52 secs,59 mins 57 secs
6/28/2016,4:21:23,WINDPLM,DEV3,wind_dev_4_3_IB,db,PLM-WINDPLM-APP,310,PLM-WINDPLM-DB,275,11 mins 46 secs,0 mins 37 secs,12 mins 24 secs
6/28/2016,4:59:29,WINDPLM,QA,Release_4_2_30,all,PLM-WINDPLM-APP,311,PLM-WINDPLM-DB,276,12 mins 4 secs,0 mins 34 secs,12 mins 38 secs
6/28/2016,7:52:23,AEROPLM,DEV2,Release_3_11_0,db,PLM-AEROPLM-APP,180,PLM-AEROPLM-DB,192,6 mins 22 secs,1 mins 31 secs,7 mins 43 secs
6/28/2016,8:05:31,ENERGYPLM,QA1,Release_6_0_80,db,PLM-ENERGYPLM-APP,238,PLM-ENERGYPLM-DB,179,33 mins 50 secs,0 mins 37 secs,34 mins 27 secs
6/28/2016,8:08:10,WINDPLM,DEV4,wind_dev_4_4,all,PLM-WINDPLM-APP,312,PLM-WINDPLM-DB,277,62 mins 12 secs,0 mins 42 secs,62 mins 55 secs
6/28/2016,8:10:40,ENERGYPLM,QA1,Release_6_0_80,db,PLM-ENERGYPLM-APP,239,PLM-ENERGYPLM-DB,180,5 mins 6 secs,0 mins 36 secs,5 mins 42 secs
6/28/2016,10:12:09,WINDPLM,DEV,wind_dev_4_2_30,all,PLM-WINDPLM-APP,313,PLM-WINDPLM-DB,278,73 mins 7 secs,1 mins 53 secs,75 mins 0 secs
6/28/2016,11:03:21,WINDPLM,DEV3,wind_dev_4_3_IB,all,PLM-WINDPLM-APP,314,PLM-WINDPLM-DB,279,52 mins 29 secs,0 mins 33 secs,53 mins 2 secs
6/28/2016,12:08:06,WINDPLM,QA2,Release_4_4,all,PLM-WINDPLM-APP,315,PLM-WINDPLM-DB,280,63 mins 13 secs,1 mins 54 secs,65 mins 8 secs
6/28/2016,13:17:23,ENERGYPLM,QA1,Release_6_0_80,all,PLM-ENERGYPLM-APP,240,PLM-ENERGYPLM-DB,181,70 mins 3 secs,1 mins 53 secs,71 mins 56 secs
6/28/2016,13:27:12,WINDPLM,DEV,wind_dev_4_2_30,all,PLM-WINDPLM-APP,316,PLM-WINDPLM-DB,281,67 mins 13 secs,0 mins 28 secs,67 mins 42 secs
6/28/2016,15:30:29,WINDPLM,DEV4,wind_dev_4_4,all,PLM-WINDPLM-APP,317,PLM-WINDPLM-DB,282,75 mins 23 secs,2 mins 16 secs,77 mins 40 secs
6/28/2016,18:40:34,ENERGYPLM,QA1,Release_6_0_80,all,PLM-ENERGYPLM-APP,241,PLM-ENERGYPLM-DB,182,7 mins 30 secs,0 mins 35 secs,8 mins 5 secs
6/28/2016,21:39:49,ENERGYPLM,QA1,Release_6_0_80,db,PLM-ENERGYPLM-APP,242,PLM-ENERGYPLM-DB,183,6 mins 49 secs,0 mins 37 secs,7 mins 26 secs
6/28/2016,23:53:00,WINDPLM,DEV3,wind_dev_4_3_IB,db,PLM-WINDPLM-APP,318,PLM-WINDPLM-DB,283,9 mins 43 secs,0 mins 36 secs,10 mins 20 secs
6/29/2016,2:32:42,ENERGYPLM,QA2,Release_6_0_80,all,PLM-ENERGYPLM-APP,243,PLM-ENERGYPLM-DB,184,16 mins 20 secs,0 mins 58 secs,17 mins 19 secs
6/29/2016,3:15:07,WINDPLM,QA2,Release_4_4,all,PLM-WINDPLM-APP,319,PLM-WINDPLM-DB,284,20 mins 1 secs,0 mins 32 secs,20 mins 34 secs
6/29/2016,6:01:39,WINDPLM,DEV,wind_dev_4_2_30,app,PLM-WINDPLM-APP,320,,,64 mins 2 secs,,64 mins 2 secs
06-29-2016,06:53:57,WINDPLM,DEV4,wind_dev_4_4,db,PLM-WINDPLM-APP,321,PLM-WINDPLM-DB,285,9 mins 0 secs,0 mins 41 secs,9 mins 41 secs
06-29-2016,09:59:54,WINDPLM,DEV3,wind_dev_4_3_IB,all,PLM-WINDPLM-APP,322,PLM-WINDPLM-DB,286,40 mins 8 secs,2 mins 4 secs,42 mins 13 secs
06-29-2016,10:55:44,WINDPLM,QA2,Release_4_4,db,PLM-WINDPLM-APP,323,PLM-WINDPLM-DB,287,48 mins 43 secs,1 mins 53 secs,50 mins 36 secs
06-29-2016,13:15:35,WINDPLM,DEV,wind_dev_4_2_30,all,PLM-WINDPLM-APP,324,PLM-WINDPLM-DB,288,68 mins 50 secs,1 mins 46 secs,70 mins 37 secs
06-29-2016,14:43:04,WINDPLM,DEV4,wind_dev_4_4,all,PLM-WINDPLM-APP,325,PLM-WINDPLM-DB,289,29 mins 14 secs,0 mins 36 secs,29 mins 50 secs
06-29-2016,23:56:14,WINDPLM,DEV3,wind_dev_4_3_IB,all,PLM-WINDPLM-APP,326,PLM-WINDPLM-DB,290,12 mins 56 secs,0 mins 36 secs,13 mins 32 secs
06-30-2016,02:40:59,WINDPLM,QA2,Release_4_4,all,PLM-WINDPLM-APP,327,PLM-WINDPLM-DB,291,12 mins 3 secs,0 mins 30 secs,12 mins 34 secs
06-30-2016,03:07:20,WINDPLM,DEV4,wind_dev_4_4,all,PLM-WINDPLM-APP,328,PLM-WINDPLM-DB,292,11 mins 9 secs,0 mins 42 secs,11 mins 51 secs
06-30-2016,05:02:21,WINDPLM,DEV,wind_dev_4_2_30,db,PLM-WINDPLM-APP,329,PLM-WINDPLM-DB,293,12 mins 57 secs,0 mins 33 secs,13 mins 31 secs
06-30-2016,05:30:40,AEROPLM,DEV,Release_3_11_0,all,PLM-AEROPLM-APP,181,PLM-AEROPLM-DB,193,12 mins 4 secs,0 mins 0 secs,12 mins 4 secs
06-30-2016,06:52:38,WINDPLM,DEV3,wind_dev_4_3_IB,db,PLM-WINDPLM-APP,330,PLM-WINDPLM-DB,294,32 mins 18 secs,0 mins 39 secs,32 mins 58 secs
06-30-2016,07:02:06,WINDPLM,QA2,Release_4_4,db,PLM-WINDPLM-APP,331,PLM-WINDPLM-DB,295,9 mins 24 secs,0 mins 36 secs,10 mins 1 secs
06-30-2016,09:08:55,WINDPLM,DEV3,wind_dev_4_3_IB,db,PLM-WINDPLM-APP,332,PLM-WINDPLM-DB,296,8 mins 41 secs,0 mins 32 secs,9 mins 13 secs
06-30-2016,09:52:58,ENERGYPLM,QA1,Release_6_0_80,db,PLM-ENERGYPLM-APP,245,PLM-ENERGYPLM-DB,186,0 mins 0 secs,0 mins 0 secs,0 mins 0 secs
